,Date,State,Unemployment Rate (S),1-Month Net Change,1-Month % Change
0,2019-01-01,Alabama,3.6,0.0,0.0
1,2019-02-01,Alabama,3.5,-0.1,-2.8
2,2019-03-01,Alabama,3.3,-0.2,-5.7
3,2019-04-01,Alabama,3.2,-0.1,-3.0
4,2019-05-01,Alabama,3.0,-0.2,-6.3
5,2019-06-01,Alabama,2.9,-0.1,-3.3
6,2019-07-01,Alabama,2.8,-0.1,-3.4
7,2019-08-01,Alabama,2.8,0.0,0.0
8,2019-09-01,Alabama,2.7,-0.1,-3.6
9,2019-10-01,Alabama,2.7,0.0,0.0
10,2019-11-01,Alabama,2.7,0.0,0.0
11,2019-12-01,Alabama,2.7,0.0,0.0
12,2020-01-01,Alabama,2.7,0.0,0.0
13,2020-02-01,Alabama,2.7,0.0,0.0
14,2020-03-01,Alabama,3.0,0.3,11.1
15,2020-04-01,Alabama,13.8,10.8,360.0
16,2020-05-01,Alabama,9.6,-4.2,-30.4
17,2020-06-01,Alabama,7.5,-2.1,-21.9
18,2019-01-01,Alaska,6.1,-0.1,-1.6
19,2019-02-01,Alaska,6.1,0.0,0.0
20,2019-03-01,Alaska,6.1,0.0,0.0
21,2019-04-01,Alaska,6.1,0.0,0.0
22,2019-05-01,Alaska,6.2,0.1,1.6
23,2019-06-01,Alaska,6.2,0.0,0.0
24,2019-07-01,Alaska,6.2,0.0,0.0
25,2019-08-01,Alaska,6.2,0.0,0.0
26,2019-09-01,Alaska,6.2,0.0,0.0
27,2019-10-01,Alaska,6.1,-0.1,-1.6
28,2019-11-01,Alaska,6.1,0.0,0.0
29,2019-12-01,Alaska,6.1,0.0,0.0
30,2020-01-01,Alaska,6.0,-0.1,-1.6
31,2020-02-01,Alaska,5.8,-0.2,-3.3
32,2020-03-01,Alaska,5.2,-0.6,-10.3
33,2020-04-01,Alaska,13.5,8.3,159.6
34,2020-05-01,Alaska,12.7,-0.8,-5.9
35,2020-06-01,Alaska,12.4,-0.3,-2.4
36,2019-01-01,Arizona,4.9,0.1,2.1
37,2019-02-01,Arizona,4.9,0.0,0.0
38,2019-03-01,Arizona,4.8,-0.1,-2.0
39,2019-04-01,Arizona,4.8,0.0,0.0
40,2019-05-01,Arizona,4.8,0.0,0.0
41,2019-06-01,Arizona,4.8,0.0,0.0
42,2019-07-01,Arizona,4.7,-0.1,-2.1
43,2019-08-01,Arizona,4.6,-0.1,-2.1
44,2019-09-01,Arizona,4.6,0.0,0.0
45,2019-10-01,Arizona,4.5,-0.1,-2.2
46,2019-11-01,Arizona,4.5,0.0,0.0
47,2019-12-01,Arizona,4.5,0.0,0.0
48,2020-01-01,Arizona,4.5,0.0,0.0
49,2020-02-01,Arizona,4.5,0.0,0.0
50,2020-03-01,Arizona,6.1,1.6,35.6
51,2020-04-01,Arizona,13.4,7.3,119.7
52,2020-05-01,Arizona,9.0,-4.4,-32.8
53,2020-06-01,Arizona,10.0,1.0,11.1
54,2019-01-01,Arkansas,3.6,0.0,0.0
55,2019-02-01,Arkansas,3.6,0.0,0.0
56,2019-03-01,Arkansas,3.5,-0.1,-2.8
57,2019-04-01,Arkansas,3.5,0.0,0.0
58,2019-05-01,Arkansas,3.5,0.0,0.0
59,2019-06-01,Arkansas,3.6,0.1,2.9
60,2019-07-01,Arkansas,3.6,0.0,0.0
61,2019-08-01,Arkansas,3.6,0.0,0.0
62,2019-09-01,Arkansas,3.6,0.0,0.0
63,2019-10-01,Arkansas,3.5,-0.1,-2.8
64,2019-11-01,Arkansas,3.5,0.0,0.0
65,2019-12-01,Arkansas,3.5,0.0,0.0
66,2020-01-01,Arkansas,3.5,0.0,0.0
67,2020-02-01,Arkansas,3.5,0.0,0.0
68,2020-03-01,Arkansas,5.0,1.5,42.9
69,2020-04-01,Arkansas,10.8,5.8,116.0
70,2020-05-01,Arkansas,9.6,-1.2,-11.1
71,2020-06-01,Arkansas,8.0,-1.6,-16.7
72,2019-01-01,California,4.3,0.0,0.0
73,2019-02-01,California,4.3,0.0,0.0
74,2019-03-01,California,4.2,-0.1,-2.3
75,2019-04-01,California,4.2,0.0,0.0
76,2019-05-01,California,4.1,-0.1,-2.4
77,2019-06-01,California,4.0,-0.1,-2.4
78,2019-07-01,California,4.0,0.0,0.0
79,2019-08-01,California,3.9,-0.1,-2.5
80,2019-09-01,California,3.9,0.0,0.0
81,2019-10-01,California,3.9,0.0,0.0
82,2019-11-01,California,3.9,0.0,0.0
83,2019-12-01,California,3.9,0.0,0.0
84,2020-01-01,California,3.9,0.0,0.0
85,2020-02-01,California,3.9,0.0,0.0
86,2020-03-01,California,5.5,1.6,41.0
87,2020-04-01,California,16.4,10.9,198.2
88,2020-05-01,California,16.4,0.0,0.0
89,2020-06-01,California,14.9,-1.5,-9.1
90,2019-01-01,Colorado,3.2,0.0,0.0
91,2019-02-01,Colorado,3.1,-0.1,-3.1
92,2019-03-01,Colorado,3.0,-0.1,-3.2
93,2019-04-01,Colorado,2.9,-0.1,-3.3
94,2019-05-01,Colorado,2.8,-0.1,-3.4
95,2019-06-01,Colorado,2.7,-0.1,-3.6
96,2019-07-01,Colorado,2.7,0.0,0.0
97,2019-08-01,Colorado,2.6,-0.1,-3.7
98,2019-09-01,Colorado,2.6,0.0,0.0
99,2019-10-01,Colorado,2.5,-0.1,-3.8
100,2019-11-01,Colorado,2.5,0.0,0.0
101,2019-12-01,Colorado,2.5,0.0,0.0
102,2020-01-01,Colorado,2.5,0.0,0.0
103,2020-02-01,Colorado,2.5,0.0,0.0
104,2020-03-01,Colorado,5.2,2.7,108.0
105,2020-04-01,Colorado,12.2,7.0,134.6
106,2020-05-01,Colorado,10.2,-2.0,-16.4
107,2020-06-01,Colorado,10.5,0.3,2.9
108,2019-01-01,Connecticut,3.8,-0.1,-2.6
109,2019-02-01,Connecticut,3.8,0.0,0.0
110,2019-03-01,Connecticut,3.7,-0.1,-2.6
111,2019-04-01,Connecticut,3.7,0.0,0.0
112,2019-05-01,Connecticut,3.7,0.0,0.0
113,2019-06-01,Connecticut,3.7,0.0,0.0
114,2019-07-01,Connecticut,3.7,0.0,0.0
115,2019-08-01,Connecticut,3.7,0.0,0.0
116,2019-09-01,Connecticut,3.7,0.0,0.0
117,2019-10-01,Connecticut,3.8,0.1,2.7
118,2019-11-01,Connecticut,3.8,0.0,0.0
119,2019-12-01,Connecticut,3.8,0.0,0.0
120,2020-01-01,Connecticut,3.7,-0.1,-2.6
121,2020-02-01,Connecticut,3.8,0.1,2.7
122,2020-03-01,Connecticut,3.4,-0.4,-10.5
123,2020-04-01,Connecticut,8.3,4.9,144.1
124,2020-05-01,Connecticut,9.6,1.3,15.7
125,2020-06-01,Connecticut,9.8,0.2,2.1
126,2019-01-01,Delaware,3.5,0.0,0.0
127,2019-02-01,Delaware,3.5,0.0,0.0
128,2019-03-01,Delaware,3.6,0.1,2.9
129,2019-04-01,Delaware,3.6,0.0,0.0
130,2019-05-01,Delaware,3.7,0.1,2.8
131,2019-06-01,Delaware,3.7,0.0,0.0
132,2019-07-01,Delaware,3.8,0.1,2.7
133,2019-08-01,Delaware,3.9,0.1,2.6
134,2019-09-01,Delaware,3.9,0.0,0.0
135,2019-10-01,Delaware,4.0,0.1,2.6
136,2019-11-01,Delaware,4.0,0.0,0.0
137,2019-12-01,Delaware,4.0,0.0,0.0
138,2020-01-01,Delaware,4.0,0.0,0.0
139,2020-02-01,Delaware,3.9,-0.1,-2.5
140,2020-03-01,Delaware,5.0,1.1,28.2
141,2020-04-01,Delaware,14.9,9.9,198.0
142,2020-05-01,Delaware,15.9,1.0,6.7
143,2020-06-01,Delaware,12.5,-3.4,-21.4
144,2019-01-01,District of Columbia,5.8,0.1,1.8
145,2019-02-01,District of Columbia,5.8,0.0,0.0
146,2019-03-01,District of Columbia,5.7,-0.1,-1.7
147,2019-04-01,District of Columbia,5.6,-0.1,-1.8
148,2019-05-01,District of Columbia,5.5,-0.1,-1.8
149,2019-06-01,District of Columbia,5.4,-0.1,-1.8
150,2019-07-01,District of Columbia,5.4,0.0,0.0
151,2019-08-01,District of Columbia,5.3,-0.1,-1.9
152,2019-09-01,District of Columbia,5.3,0.0,0.0
153,2019-10-01,District of Columbia,5.3,0.0,0.0
154,2019-11-01,District of Columbia,5.3,0.0,0.0
155,2019-12-01,District of Columbia,5.3,0.0,0.0
156,2020-01-01,District of Columbia,5.2,-0.1,-1.9
157,2020-02-01,District of Columbia,5.1,-0.1,-1.9
158,2020-03-01,District of Columbia,6.0,0.9,17.6
159,2020-04-01,District of Columbia,11.7,5.7,95.0
160,2020-05-01,District of Columbia,8.8,-2.9,-24.8
161,2020-06-01,District of Columbia,8.6,-0.2,-2.3
162,2019-01-01,Florida,3.4,0.0,0.0
163,2019-02-01,Florida,3.4,0.0,0.0
164,2019-03-01,Florida,3.4,0.0,0.0
165,2019-04-01,Florida,3.3,-0.1,-2.9
166,2019-05-01,Florida,3.2,-0.1,-3.0
167,2019-06-01,Florida,3.2,0.0,0.0
168,2019-07-01,Florida,3.1,-0.1,-3.1
169,2019-08-01,Florida,3.0,-0.1,-3.2
170,2019-09-01,Florida,2.9,-0.1,-3.3
171,2019-10-01,Florida,2.9,0.0,0.0
172,2019-11-01,Florida,2.8,-0.1,-3.4
173,2019-12-01,Florida,2.9,0.1,3.6
174,2020-01-01,Florida,2.8,-0.1,-3.4
175,2020-02-01,Florida,2.8,0.0,0.0
176,2020-03-01,Florida,4.4,1.6,57.1
177,2020-04-01,Florida,13.8,9.4,213.6
178,2020-05-01,Florida,13.7,-0.1,-0.7
179,2020-06-01,Florida,10.4,-3.3,-24.1
180,2019-01-01,Georgia,3.8,0.0,0.0
181,2019-02-01,Georgia,3.7,-0.1,-2.6
182,2019-03-01,Georgia,3.7,0.0,0.0
183,2019-04-01,Georgia,3.6,-0.1,-2.7
184,2019-05-01,Georgia,3.6,0.0,0.0
185,2019-06-01,Georgia,3.5,-0.1,-2.8
186,2019-07-01,Georgia,3.4,-0.1,-2.9
187,2019-08-01,Georgia,3.3,-0.1,-2.9
188,2019-09-01,Georgia,3.2,-0.1,-3.0
189,2019-10-01,Georgia,3.2,0.0,0.0
190,2019-11-01,Georgia,3.1,-0.1,-3.1
191,2019-12-01,Georgia,3.1,0.0,0.0
192,2020-01-01,Georgia,3.1,0.0,0.0
193,2020-02-01,Georgia,3.1,0.0,0.0
194,2020-03-01,Georgia,4.6,1.5,48.4
195,2020-04-01,Georgia,12.6,8.0,173.9
196,2020-05-01,Georgia,9.4,-3.2,-25.4
197,2020-06-01,Georgia,7.6,-1.8,-19.1
198,2019-01-01,Hawaii,2.8,0.0,0.0
199,2019-02-01,Hawaii,2.8,0.0,0.0
200,2019-03-01,Hawaii,2.8,0.0,0.0
201,2019-04-01,Hawaii,2.7,-0.1,-3.6
202,2019-05-01,Hawaii,2.7,0.0,0.0
203,2019-06-01,Hawaii,2.7,0.0,0.0
204,2019-07-01,Hawaii,2.7,0.0,0.0
205,2019-08-01,Hawaii,2.7,0.0,0.0
206,2019-09-01,Hawaii,2.7,0.0,0.0
207,2019-10-01,Hawaii,2.7,0.0,0.0
208,2019-11-01,Hawaii,2.6,-0.1,-3.7
209,2019-12-01,Hawaii,2.7,0.1,3.8
210,2020-01-01,Hawaii,2.7,0.0,0.0
211,2020-02-01,Hawaii,2.7,0.0,0.0
212,2020-03-01,Hawaii,2.4,-0.3,-11.1
213,2020-04-01,Hawaii,23.8,21.4,891.7
214,2020-05-01,Hawaii,23.5,-0.3,-1.3
215,2020-06-01,Hawaii,13.9,-9.6,-40.9
216,2019-01-01,Idaho,2.9,0.0,0.0
217,2019-02-01,Idaho,2.9,0.0,0.0
218,2019-03-01,Idaho,2.9,0.0,0.0
219,2019-04-01,Idaho,2.9,0.0,0.0
220,2019-05-01,Idaho,2.9,0.0,0.0
221,2019-06-01,Idaho,2.9,0.0,0.0
222,2019-07-01,Idaho,2.9,0.0,0.0
223,2019-08-01,Idaho,2.9,0.0,0.0
224,2019-09-01,Idaho,2.9,0.0,0.0
225,2019-10-01,Idaho,2.9,0.0,0.0
226,2019-11-01,Idaho,2.9,0.0,0.0
227,2019-12-01,Idaho,2.9,0.0,0.0
228,2020-01-01,Idaho,2.8,-0.1,-3.4
229,2020-02-01,Idaho,2.7,-0.1,-3.6
230,2020-03-01,Idaho,2.5,-0.2,-7.4
231,2020-04-01,Idaho,11.8,9.3,372.0
232,2020-05-01,Idaho,9.0,-2.8,-23.7
233,2020-06-01,Idaho,5.6,-3.4,-37.8
234,2019-01-01,Illinois,4.4,0.0,0.0
235,2019-02-01,Illinois,4.3,-0.1,-2.3
236,2019-03-01,Illinois,4.3,0.0,0.0
237,2019-04-01,Illinois,4.2,-0.1,-2.3
238,2019-05-01,Illinois,4.1,-0.1,-2.4
239,2019-06-01,Illinois,4.0,-0.1,-2.4
240,2019-07-01,Illinois,3.9,-0.1,-2.5
241,2019-08-01,Illinois,3.8,-0.1,-2.6
242,2019-09-01,Illinois,3.7,-0.1,-2.6
243,2019-10-01,Illinois,3.7,0.0,0.0
244,2019-11-01,Illinois,3.7,0.0,0.0
245,2019-12-01,Illinois,3.7,0.0,0.0
246,2020-01-01,Illinois,3.5,-0.2,-5.4
247,2020-02-01,Illinois,3.4,-0.1,-2.9
248,2020-03-01,Illinois,4.2,0.8,23.5
249,2020-04-01,Illinois,17.2,13.0,309.5
250,2020-05-01,Illinois,15.3,-1.9,-11.0
251,2020-06-01,Illinois,14.6,-0.7,-4.6
252,2019-01-01,Indiana,3.6,0.0,0.0
253,2019-02-01,Indiana,3.5,-0.1,-2.8
254,2019-03-01,Indiana,3.5,0.0,0.0
255,2019-04-01,Indiana,3.4,-0.1,-2.9
256,2019-05-01,Indiana,3.3,-0.1,-2.9
257,2019-06-01,Indiana,3.3,0.0,0.0
258,2019-07-01,Indiana,3.2,-0.1,-3.0
259,2019-08-01,Indiana,3.2,0.0,0.0
260,2019-09-01,Indiana,3.2,0.0,0.0
261,2019-10-01,Indiana,3.2,0.0,0.0
262,2019-11-01,Indiana,3.2,0.0,0.0
263,2019-12-01,Indiana,3.2,0.0,0.0
264,2020-01-01,Indiana,3.1,-0.1,-3.1
265,2020-02-01,Indiana,3.1,0.0,0.0
266,2020-03-01,Indiana,3.0,-0.1,-3.2
267,2020-04-01,Indiana,17.5,14.5,483.3
268,2020-05-01,Indiana,12.3,-5.2,-29.7
269,2020-06-01,Indiana,11.2,-1.1,-8.9
270,2019-01-01,Iowa,2.7,0.1,3.8
271,2019-02-01,Iowa,2.7,0.0,0.0
272,2019-03-01,Iowa,2.7,0.0,0.0
273,2019-04-01,Iowa,2.7,0.0,0.0
274,2019-05-01,Iowa,2.7,0.0,0.0
275,2019-06-01,Iowa,2.7,0.0,0.0
276,2019-07-01,Iowa,2.7,0.0,0.0
277,2019-08-01,Iowa,2.8,0.1,3.7
278,2019-09-01,Iowa,2.8,0.0,0.0
279,2019-10-01,Iowa,2.8,0.0,0.0
280,2019-11-01,Iowa,2.8,0.0,0.0
281,2019-12-01,Iowa,2.8,0.0,0.0
282,2020-01-01,Iowa,2.8,0.0,0.0
283,2020-02-01,Iowa,2.8,0.0,0.0
284,2020-03-01,Iowa,3.3,0.5,17.9
285,2020-04-01,Iowa,11.0,7.7,233.3
286,2020-05-01,Iowa,10.2,-0.8,-7.3
287,2020-06-01,Iowa,8.0,-2.2,-21.6
288,2019-01-01,Kansas,3.3,0.0,0.0
289,2019-02-01,Kansas,3.3,0.0,0.0
290,2019-03-01,Kansas,3.2,-0.1,-3.0
291,2019-04-01,Kansas,3.2,0.0,0.0
292,2019-05-01,Kansas,3.1,-0.1,-3.1
293,2019-06-01,Kansas,3.1,0.0,0.0
294,2019-07-01,Kansas,3.1,0.0,0.0
295,2019-08-01,Kansas,3.1,0.0,0.0
296,2019-09-01,Kansas,3.1,0.0,0.0
297,2019-10-01,Kansas,3.1,0.0,0.0
298,2019-11-01,Kansas,3.1,0.0,0.0
299,2019-12-01,Kansas,3.1,0.0,0.0
300,2020-01-01,Kansas,3.1,0.0,0.0
301,2020-02-01,Kansas,3.1,0.0,0.0
302,2020-03-01,Kansas,2.8,-0.3,-9.7
303,2020-04-01,Kansas,11.9,9.1,325.0
304,2020-05-01,Kansas,10.0,-1.9,-16.0
305,2020-06-01,Kansas,7.5,-2.5,-25.0
306,2019-01-01,Kentucky,4.2,-0.1,-2.3
307,2019-02-01,Kentucky,4.2,0.0,0.0
308,2019-03-01,Kentucky,4.2,0.0,0.0
309,2019-04-01,Kentucky,4.3,0.1,2.4
310,2019-05-01,Kentucky,4.3,0.0,0.0
311,2019-06-01,Kentucky,4.3,0.0,0.0
312,2019-07-01,Kentucky,4.3,0.0,0.0
313,2019-08-01,Kentucky,4.3,0.0,0.0
314,2019-09-01,Kentucky,4.3,0.0,0.0
315,2019-10-01,Kentucky,4.3,0.0,0.0
316,2019-11-01,Kentucky,4.3,0.0,0.0
317,2019-12-01,Kentucky,4.3,0.0,0.0
318,2020-01-01,Kentucky,4.3,0.0,0.0
319,2020-02-01,Kentucky,4.2,-0.1,-2.3
320,2020-03-01,Kentucky,5.2,1.0,23.8
321,2020-04-01,Kentucky,16.6,11.4,219.2
322,2020-05-01,Kentucky,10.9,-5.7,-34.3
323,2020-06-01,Kentucky,4.3,-6.6,-60.6
324,2019-01-01,Louisiana,4.7,0.0,0.0
325,2019-02-01,Louisiana,4.6,-0.1,-2.1
326,2019-03-01,Louisiana,4.5,-0.1,-2.2
327,2019-04-01,Louisiana,4.5,0.0,0.0
328,2019-05-01,Louisiana,4.5,0.0,0.0
329,2019-06-01,Louisiana,4.6,0.1,2.2
330,2019-07-01,Louisiana,4.7,0.1,2.2
331,2019-08-01,Louisiana,4.9,0.2,4.3
332,2019-09-01,Louisiana,5.1,0.2,4.1
333,2019-10-01,Louisiana,5.2,0.1,2.0
334,2019-11-01,Louisiana,5.2,0.0,0.0
335,2019-12-01,Louisiana,5.2,0.0,0.0
336,2020-01-01,Louisiana,5.3,0.1,1.9
337,2020-02-01,Louisiana,5.2,-0.1,-1.9
338,2020-03-01,Louisiana,6.7,1.5,28.8
339,2020-04-01,Louisiana,15.1,8.4,125.4
340,2020-05-01,Louisiana,14.2,-0.9,-6.0
341,2020-06-01,Louisiana,9.7,-4.5,-31.7
342,2019-01-01,Maine,3.2,-0.1,-3.0
343,2019-02-01,Maine,3.2,0.0,0.0
344,2019-03-01,Maine,3.1,-0.1,-3.1
345,2019-04-01,Maine,3.1,0.0,0.0
346,2019-05-01,Maine,3.0,-0.1,-3.2
347,2019-06-01,Maine,2.9,-0.1,-3.3
348,2019-07-01,Maine,2.9,0.0,0.0
349,2019-08-01,Maine,2.9,0.0,0.0
350,2019-09-01,Maine,2.9,0.0,0.0
351,2019-10-01,Maine,3.0,0.1,3.4
352,2019-11-01,Maine,3.0,0.0,0.0
353,2019-12-01,Maine,3.0,0.0,0.0
354,2020-01-01,Maine,3.1,0.1,3.3
355,2020-02-01,Maine,3.2,0.1,3.2
356,2020-03-01,Maine,3.0,-0.2,-6.3
357,2020-04-01,Maine,10.4,7.4,246.7
358,2020-05-01,Maine,9.4,-1.0,-9.6
359,2020-06-01,Maine,6.6,-2.8,-29.8
360,2019-01-01,Maryland,3.8,0.0,0.0
361,2019-02-01,Maryland,3.7,-0.1,-2.6
362,2019-03-01,Maryland,3.7,0.0,0.0
363,2019-04-01,Maryland,3.7,0.0,0.0
364,2019-05-01,Maryland,3.7,0.0,0.0
365,2019-06-01,Maryland,3.6,-0.1,-2.7
366,2019-07-01,Maryland,3.6,0.0,0.0
367,2019-08-01,Maryland,3.6,0.0,0.0
368,2019-09-01,Maryland,3.5,-0.1,-2.8
369,2019-10-01,Maryland,3.4,-0.1,-2.9
370,2019-11-01,Maryland,3.4,0.0,0.0
371,2019-12-01,Maryland,3.4,0.0,0.0
372,2020-01-01,Maryland,3.3,-0.1,-2.9
373,2020-02-01,Maryland,3.3,0.0,0.0
374,2020-03-01,Maryland,3.3,0.0,0.0
375,2020-04-01,Maryland,10.1,6.8,206.1
376,2020-05-01,Maryland,10.0,-0.1,-1.0
377,2020-06-01,Maryland,8.0,-2.0,-20.0
378,2019-01-01,Massachusetts,3.1,0.0,0.0
379,2019-02-01,Massachusetts,3.1,0.0,0.0
380,2019-03-01,Massachusetts,3.0,-0.1,-3.2
381,2019-04-01,Massachusetts,3.0,0.0,0.0
382,2019-05-01,Massachusetts,2.9,-0.1,-3.3
383,2019-06-01,Massachusetts,2.9,0.0,0.0
384,2019-07-01,Massachusetts,2.9,0.0,0.0
385,2019-08-01,Massachusetts,2.8,-0.1,-3.4
386,2019-09-01,Massachusetts,2.8,0.0,0.0
387,2019-10-01,Massachusetts,2.8,0.0,0.0
388,2019-11-01,Massachusetts,2.8,0.0,0.0
389,2019-12-01,Massachusetts,2.8,0.0,0.0
390,2020-01-01,Massachusetts,2.8,0.0,0.0
391,2020-02-01,Massachusetts,2.8,0.0,0.0
392,2020-03-01,Massachusetts,2.8,0.0,0.0
393,2020-04-01,Massachusetts,16.2,13.4,478.6
394,2020-05-01,Massachusetts,16.6,0.4,2.5
395,2020-06-01,Massachusetts,17.4,0.8,4.8
396,2019-01-01,Michigan,4.2,0.1,2.4
397,2019-02-01,Michigan,4.2,0.0,0.0
398,2019-03-01,Michigan,4.3,0.1,2.4
399,2019-04-01,Michigan,4.3,0.0,0.0
400,2019-05-01,Michigan,4.2,-0.1,-2.3
401,2019-06-01,Michigan,4.2,0.0,0.0
402,2019-07-01,Michigan,4.1,-0.1,-2.4
403,2019-08-01,Michigan,4.0,-0.1,-2.4
404,2019-09-01,Michigan,3.9,-0.1,-2.5
405,2019-10-01,Michigan,3.9,0.0,0.0
406,2019-11-01,Michigan,3.9,0.0,0.0
407,2019-12-01,Michigan,3.9,0.0,0.0
408,2020-01-01,Michigan,3.8,-0.1,-2.6
409,2020-02-01,Michigan,3.6,-0.2,-5.3
410,2020-03-01,Michigan,4.3,0.7,19.4
411,2020-04-01,Michigan,24.0,19.7,458.1
412,2020-05-01,Michigan,21.3,-2.7,-11.3
413,2020-06-01,Michigan,14.8,-6.5,-30.5
414,2019-01-01,Minnesota,3.2,0.1,3.2
415,2019-02-01,Minnesota,3.2,0.0,0.0
416,2019-03-01,Minnesota,3.2,0.0,0.0
417,2019-04-01,Minnesota,3.2,0.0,0.0
418,2019-05-01,Minnesota,3.2,0.0,0.0
419,2019-06-01,Minnesota,3.2,0.0,0.0
420,2019-07-01,Minnesota,3.2,0.0,0.0
421,2019-08-01,Minnesota,3.2,0.0,0.0
422,2019-09-01,Minnesota,3.2,0.0,0.0
423,2019-10-01,Minnesota,3.3,0.1,3.1
424,2019-11-01,Minnesota,3.3,0.0,0.0
425,2019-12-01,Minnesota,3.3,0.0,0.0
426,2020-01-01,Minnesota,3.2,-0.1,-3.0
427,2020-02-01,Minnesota,3.1,-0.1,-3.1
428,2020-03-01,Minnesota,2.9,-0.2,-6.5
429,2020-04-01,Minnesota,8.7,5.8,200.0
430,2020-05-01,Minnesota,9.9,1.2,13.8
431,2020-06-01,Minnesota,8.6,-1.3,-13.1
432,2019-01-01,Mississippi,5.1,0.0,0.0
433,2019-02-01,Mississippi,5.2,0.1,2.0
434,2019-03-01,Mississippi,5.3,0.1,1.9
435,2019-04-01,Mississippi,5.3,0.0,0.0
436,2019-05-01,Mississippi,5.4,0.1,1.9
437,2019-06-01,Mississippi,5.4,0.0,0.0
438,2019-07-01,Mississippi,5.5,0.1,1.9
439,2019-08-01,Mississippi,5.5,0.0,0.0
440,2019-09-01,Mississippi,5.6,0.1,1.8
441,2019-10-01,Mississippi,5.6,0.0,0.0
442,2019-11-01,Mississippi,5.6,0.0,0.0
443,2019-12-01,Mississippi,5.6,0.0,0.0
444,2020-01-01,Mississippi,5.5,-0.1,-1.8
445,2020-02-01,Mississippi,5.4,-0.1,-1.8
446,2020-03-01,Mississippi,5.1,-0.3,-5.6
447,2020-04-01,Mississippi,16.3,11.2,219.6
448,2020-05-01,Mississippi,10.5,-5.8,-35.6
449,2020-06-01,Mississippi,8.7,-1.8,-17.1
450,2019-01-01,Missouri,3.2,0.0,0.0
451,2019-02-01,Missouri,3.2,0.0,0.0
452,2019-03-01,Missouri,3.2,0.0,0.0
453,2019-04-01,Missouri,3.2,0.0,0.0
454,2019-05-01,Missouri,3.1,-0.1,-3.1
455,2019-06-01,Missouri,3.1,0.0,0.0
456,2019-07-01,Missouri,3.2,0.1,3.2
457,2019-08-01,Missouri,3.2,0.0,0.0
458,2019-09-01,Missouri,3.3,0.1,3.1
459,2019-10-01,Missouri,3.4,0.1,3.0
460,2019-11-01,Missouri,3.4,0.0,0.0
461,2019-12-01,Missouri,3.4,0.0,0.0
462,2020-01-01,Missouri,3.5,0.1,2.9
463,2020-02-01,Missouri,3.5,0.0,0.0
464,2020-03-01,Missouri,3.9,0.4,11.4
465,2020-04-01,Missouri,10.2,6.3,161.5
466,2020-05-01,Missouri,10.1,-0.1,-1.0
467,2020-06-01,Missouri,7.9,-2.2,-21.8
468,2019-01-01,Montana,3.5,0.0,0.0
469,2019-02-01,Montana,3.5,0.0,0.0
470,2019-03-01,Montana,3.5,0.0,0.0
471,2019-04-01,Montana,3.5,0.0,0.0
472,2019-05-01,Montana,3.5,0.0,0.0
473,2019-06-01,Montana,3.5,0.0,0.0
474,2019-07-01,Montana,3.5,0.0,0.0
475,2019-08-01,Montana,3.5,0.0,0.0
476,2019-09-01,Montana,3.5,0.0,0.0
477,2019-10-01,Montana,3.5,0.0,0.0
478,2019-11-01,Montana,3.5,0.0,0.0
479,2019-12-01,Montana,3.5,0.0,0.0
480,2020-01-01,Montana,3.5,0.0,0.0
481,2020-02-01,Montana,3.5,0.0,0.0
482,2020-03-01,Montana,3.6,0.1,2.9
483,2020-04-01,Montana,11.9,8.3,230.6
484,2020-05-01,Montana,9.0,-2.9,-24.4
485,2020-06-01,Montana,7.1,-1.9,-21.1
486,2019-01-01,Nebraska,3.0,0.0,0.0
487,2019-02-01,Nebraska,3.1,0.1,3.3
488,2019-03-01,Nebraska,3.1,0.0,0.0
489,2019-04-01,Nebraska,3.1,0.0,0.0
490,2019-05-01,Nebraska,3.1,0.0,0.0
491,2019-06-01,Nebraska,3.1,0.0,0.0
492,2019-07-01,Nebraska,3.1,0.0,0.0
493,2019-08-01,Nebraska,3.1,0.0,0.0
494,2019-09-01,Nebraska,3.0,-0.1,-3.2
495,2019-10-01,Nebraska,3.0,0.0,0.0
496,2019-11-01,Nebraska,3.0,0.0,0.0
497,2019-12-01,Nebraska,3.0,0.0,0.0
498,2020-01-01,Nebraska,2.9,-0.1,-3.3
499,2020-02-01,Nebraska,2.9,0.0,0.0
500,2020-03-01,Nebraska,4.0,1.1,37.9
501,2020-04-01,Nebraska,8.7,4.7,117.5
502,2020-05-01,Nebraska,5.3,-3.4,-39.1
503,2020-06-01,Nebraska,6.7,1.4,26.4
504,2019-01-01,Nevada,4.2,0.0,0.0
505,2019-02-01,Nevada,4.1,-0.1,-2.4
506,2019-03-01,Nevada,4.1,0.0,0.0
507,2019-04-01,Nevada,4.0,-0.1,-2.4
508,2019-05-01,Nevada,4.0,0.0,0.0
509,2019-06-01,Nevada,3.9,-0.1,-2.5
510,2019-07-01,Nevada,3.9,0.0,0.0
511,2019-08-01,Nevada,3.8,-0.1,-2.6
512,2019-09-01,Nevada,3.7,-0.1,-2.6
513,2019-10-01,Nevada,3.7,0.0,0.0
514,2019-11-01,Nevada,3.7,0.0,0.0
515,2019-12-01,Nevada,3.7,0.0,0.0
516,2020-01-01,Nevada,3.6,-0.1,-2.7
517,2020-02-01,Nevada,3.6,0.0,0.0
518,2020-03-01,Nevada,6.9,3.3,91.7
519,2020-04-01,Nevada,30.1,23.2,336.2
520,2020-05-01,Nevada,25.3,-4.8,-15.9
521,2020-06-01,Nevada,15.0,-10.3,-40.7
522,2019-01-01,New Hampshire,2.5,0.0,0.0
523,2019-02-01,New Hampshire,2.5,0.0,0.0
524,2019-03-01,New Hampshire,2.5,0.0,0.0
525,2019-04-01,New Hampshire,2.5,0.0,0.0
526,2019-05-01,New Hampshire,2.5,0.0,0.0
527,2019-06-01,New Hampshire,2.5,0.0,0.0
528,2019-07-01,New Hampshire,2.6,0.1,4.0
529,2019-08-01,New Hampshire,2.6,0.0,0.0
530,2019-09-01,New Hampshire,2.6,0.0,0.0
531,2019-10-01,New Hampshire,2.6,0.0,0.0
532,2019-11-01,New Hampshire,2.6,0.0,0.0
533,2019-12-01,New Hampshire,2.6,0.0,0.0
534,2020-01-01,New Hampshire,2.6,0.0,0.0
535,2020-02-01,New Hampshire,2.6,0.0,0.0
536,2020-03-01,New Hampshire,2.4,-0.2,-7.7
537,2020-04-01,New Hampshire,17.1,14.7,612.5
538,2020-05-01,New Hampshire,15.4,-1.7,-9.9
539,2020-06-01,New Hampshire,11.8,-3.6,-23.4
540,2019-01-01,New Jersey,3.7,-0.1,-2.6
541,2019-02-01,New Jersey,3.6,-0.1,-2.7
542,2019-03-01,New Jersey,3.5,-0.1,-2.8
543,2019-04-01,New Jersey,3.4,-0.1,-2.9
544,2019-05-01,New Jersey,3.3,-0.1,-2.9
545,2019-06-01,New Jersey,3.3,0.0,0.0
546,2019-07-01,New Jersey,3.3,0.0,0.0
547,2019-08-01,New Jersey,3.5,0.2,6.1
548,2019-09-01,New Jersey,3.6,0.1,2.9
549,2019-10-01,New Jersey,3.7,0.1,2.8
550,2019-11-01,New Jersey,3.7,0.0,0.0
551,2019-12-01,New Jersey,3.7,0.0,0.0
552,2020-01-01,New Jersey,3.8,0.1,2.7
553,2020-02-01,New Jersey,3.8,0.0,0.0
554,2020-03-01,New Jersey,3.7,-0.1,-2.6
555,2020-04-01,New Jersey,16.3,12.6,340.5
556,2020-05-01,New Jersey,15.4,-0.9,-5.5
557,2020-06-01,New Jersey,16.6,1.2,7.8
558,2019-01-01,New Mexico,5.0,0.1,2.0
559,2019-02-01,New Mexico,5.0,0.0,0.0
560,2019-03-01,New Mexico,5.0,0.0,0.0
561,2019-04-01,New Mexico,5.0,0.0,0.0
562,2019-05-01,New Mexico,4.9,-0.1,-2.0
563,2019-06-01,New Mexico,4.9,0.0,0.0
564,2019-07-01,New Mexico,4.8,-0.1,-2.0
565,2019-08-01,New Mexico,4.8,0.0,0.0
566,2019-09-01,New Mexico,4.8,0.0,0.0
567,2019-10-01,New Mexico,4.8,0.0,0.0
568,2019-11-01,New Mexico,4.8,0.0,0.0
569,2019-12-01,New Mexico,4.8,0.0,0.0
570,2020-01-01,New Mexico,4.8,0.0,0.0
571,2020-02-01,New Mexico,4.8,0.0,0.0
572,2020-03-01,New Mexico,6.3,1.5,31.3
573,2020-04-01,New Mexico,11.9,5.6,88.9
574,2020-05-01,New Mexico,9.1,-2.8,-23.5
575,2020-06-01,New Mexico,8.3,-0.8,-8.8
576,2019-01-01,New York,4.0,0.0,0.0
577,2019-02-01,New York,4.0,0.0,0.0
578,2019-03-01,New York,4.0,0.0,0.0
579,2019-04-01,New York,4.0,0.0,0.0
580,2019-05-01,New York,4.0,0.0,0.0
581,2019-06-01,New York,3.9,-0.1,-2.5
582,2019-07-01,New York,3.9,0.0,0.0
583,2019-08-01,New York,3.9,0.0,0.0
584,2019-09-01,New York,3.9,0.0,0.0
585,2019-10-01,New York,3.9,0.0,0.0
586,2019-11-01,New York,3.9,0.0,0.0
587,2019-12-01,New York,3.9,0.0,0.0
588,2020-01-01,New York,3.8,-0.1,-2.6
589,2020-02-01,New York,3.7,-0.1,-2.6
590,2020-03-01,New York,4.1,0.4,10.8
591,2020-04-01,New York,15.3,11.2,273.2
592,2020-05-01,New York,14.5,-0.8,-5.2
593,2020-06-01,New York,15.7,1.2,8.3
594,2019-01-01,North Carolina,4.0,0.0,0.0
595,2019-02-01,North Carolina,4.1,0.1,2.5
596,2019-03-01,North Carolina,4.1,0.0,0.0
597,2019-04-01,North Carolina,4.1,0.0,0.0
598,2019-05-01,North Carolina,4.0,-0.1,-2.4
599,2019-06-01,North Carolina,4.0,0.0,0.0
600,2019-07-01,North Carolina,3.9,-0.1,-2.5
601,2019-08-01,North Carolina,3.8,-0.1,-2.6
602,2019-09-01,North Carolina,3.7,-0.1,-2.6
603,2019-10-01,North Carolina,3.7,0.0,0.0
604,2019-11-01,North Carolina,3.6,-0.1,-2.7
605,2019-12-01,North Carolina,3.6,0.0,0.0
606,2020-01-01,North Carolina,3.6,0.0,0.0
607,2020-02-01,North Carolina,3.6,0.0,0.0
608,2020-03-01,North Carolina,4.3,0.7,19.4
609,2020-04-01,North Carolina,12.9,8.6,200.0
610,2020-05-01,North Carolina,12.8,-0.1,-0.8
611,2020-06-01,North Carolina,7.6,-5.2,-40.6
612,2019-01-01,North Dakota,2.3,-0.1,-4.2
613,2019-02-01,North Dakota,2.3,0.0,0.0
614,2019-03-01,North Dakota,2.3,0.0,0.0
615,2019-04-01,North Dakota,2.3,0.0,0.0
616,2019-05-01,North Dakota,2.4,0.1,4.3
617,2019-06-01,North Dakota,2.4,0.0,0.0
618,2019-07-01,North Dakota,2.4,0.0,0.0
619,2019-08-01,North Dakota,2.4,0.0,0.0
620,2019-09-01,North Dakota,2.4,0.0,0.0
621,2019-10-01,North Dakota,2.4,0.0,0.0
622,2019-11-01,North Dakota,2.4,0.0,0.0
623,2019-12-01,North Dakota,2.4,0.0,0.0
624,2020-01-01,North Dakota,2.3,-0.1,-4.2
625,2020-02-01,North Dakota,2.2,-0.1,-4.3
626,2020-03-01,North Dakota,2.0,-0.2,-9.1
627,2020-04-01,North Dakota,9.1,7.1,355.0
628,2020-05-01,North Dakota,9.1,0.0,0.0
629,2020-06-01,North Dakota,6.1,-3.0,-33.0
630,2019-01-01,Ohio,4.3,0.0,0.0
631,2019-02-01,Ohio,4.2,-0.1,-2.3
632,2019-03-01,Ohio,4.1,-0.1,-2.4
633,2019-04-01,Ohio,4.1,0.0,0.0
634,2019-05-01,Ohio,4.1,0.0,0.0
635,2019-06-01,Ohio,4.1,0.0,0.0
636,2019-07-01,Ohio,4.2,0.1,2.4
637,2019-08-01,Ohio,4.2,0.0,0.0
638,2019-09-01,Ohio,4.1,-0.1,-2.4
639,2019-10-01,Ohio,4.1,0.0,0.0
640,2019-11-01,Ohio,4.1,0.0,0.0
641,2019-12-01,Ohio,4.1,0.0,0.0
642,2020-01-01,Ohio,4.1,0.0,0.0
643,2020-02-01,Ohio,4.1,0.0,0.0
644,2020-03-01,Ohio,5.8,1.7,41.5
645,2020-04-01,Ohio,17.6,11.8,203.4
646,2020-05-01,Ohio,13.9,-3.7,-21.0
647,2020-06-01,Ohio,10.9,-3.0,-21.6
648,2019-01-01,Oklahoma,3.3,0.0,0.0
649,2019-02-01,Oklahoma,3.3,0.0,0.0
650,2019-03-01,Oklahoma,3.2,-0.1,-3.0
651,2019-04-01,Oklahoma,3.2,0.0,0.0
652,2019-05-01,Oklahoma,3.2,0.0,0.0
653,2019-06-01,Oklahoma,3.2,0.0,0.0
654,2019-07-01,Oklahoma,3.3,0.1,3.1
655,2019-08-01,Oklahoma,3.3,0.0,0.0
656,2019-09-01,Oklahoma,3.3,0.0,0.0
657,2019-10-01,Oklahoma,3.4,0.1,3.0
658,2019-11-01,Oklahoma,3.4,0.0,0.0
659,2019-12-01,Oklahoma,3.4,0.0,0.0
660,2020-01-01,Oklahoma,3.3,-0.1,-2.9
661,2020-02-01,Oklahoma,3.2,-0.1,-3.0
662,2020-03-01,Oklahoma,2.9,-0.3,-9.4
663,2020-04-01,Oklahoma,14.7,11.8,406.9
664,2020-05-01,Oklahoma,12.6,-2.1,-14.3
665,2020-06-01,Oklahoma,6.6,-6.0,-47.6
666,2019-01-01,Oregon,4.2,0.0,0.0
667,2019-02-01,Oregon,4.2,0.0,0.0
668,2019-03-01,Oregon,4.1,-0.1,-2.4
669,2019-04-01,Oregon,4.0,-0.1,-2.4
670,2019-05-01,Oregon,3.9,-0.1,-2.5
671,2019-06-01,Oregon,3.8,-0.1,-2.6
672,2019-07-01,Oregon,3.7,-0.1,-2.6
673,2019-08-01,Oregon,3.6,-0.1,-2.7
674,2019-09-01,Oregon,3.5,-0.1,-2.8
675,2019-10-01,Oregon,3.4,-0.1,-2.9
676,2019-11-01,Oregon,3.4,0.0,0.0
677,2019-12-01,Oregon,3.4,0.0,0.0
678,2020-01-01,Oregon,3.3,-0.1,-2.9
679,2020-02-01,Oregon,3.3,0.0,0.0
680,2020-03-01,Oregon,3.5,0.2,6.1
681,2020-04-01,Oregon,14.9,11.4,325.7
682,2020-05-01,Oregon,14.3,-0.6,-4.0
683,2020-06-01,Oregon,11.2,-3.1,-21.7
684,2019-01-01,Pennsylvania,4.1,0.0,0.0
685,2019-02-01,Pennsylvania,4.1,0.0,0.0
686,2019-03-01,Pennsylvania,4.1,0.0,0.0
687,2019-04-01,Pennsylvania,4.1,0.0,0.0
688,2019-05-01,Pennsylvania,4.2,0.1,2.4
689,2019-06-01,Pennsylvania,4.3,0.1,2.4
690,2019-07-01,Pennsylvania,4.4,0.1,2.3
691,2019-08-01,Pennsylvania,4.5,0.1,2.3
692,2019-09-01,Pennsylvania,4.6,0.1,2.2
693,2019-10-01,Pennsylvania,4.6,0.0,0.0
694,2019-11-01,Pennsylvania,4.6,0.0,0.0
695,2019-12-01,Pennsylvania,4.6,0.0,0.0
696,2020-01-01,Pennsylvania,4.7,0.1,2.2
697,2020-02-01,Pennsylvania,4.7,0.0,0.0
698,2020-03-01,Pennsylvania,5.8,1.1,23.4
699,2020-04-01,Pennsylvania,16.1,10.3,177.6
700,2020-05-01,Pennsylvania,13.4,-2.7,-16.8
701,2020-06-01,Pennsylvania,13.0,-0.4,-3.0
702,2019-01-01,Rhode Island,3.7,0.0,0.0
703,2019-02-01,Rhode Island,3.7,0.0,0.0
704,2019-03-01,Rhode Island,3.6,-0.1,-2.7
705,2019-04-01,Rhode Island,3.6,0.0,0.0
706,2019-05-01,Rhode Island,3.6,0.0,0.0
707,2019-06-01,Rhode Island,3.6,0.0,0.0
708,2019-07-01,Rhode Island,3.6,0.0,0.0
709,2019-08-01,Rhode Island,3.5,-0.1,-2.8
710,2019-09-01,Rhode Island,3.5,0.0,0.0
711,2019-10-01,Rhode Island,3.5,0.0,0.0
712,2019-11-01,Rhode Island,3.5,0.0,0.0
713,2019-12-01,Rhode Island,3.5,0.0,0.0
714,2020-01-01,Rhode Island,3.4,-0.1,-2.9
715,2020-02-01,Rhode Island,3.4,0.0,0.0
716,2020-03-01,Rhode Island,4.7,1.3,38.2
717,2020-04-01,Rhode Island,18.1,13.4,285.1
718,2020-05-01,Rhode Island,16.4,-1.7,-9.4
719,2020-06-01,Rhode Island,12.4,-4.0,-24.4
720,2019-01-01,South Carolina,3.4,0.0,0.0
721,2019-02-01,South Carolina,3.4,0.0,0.0
722,2019-03-01,South Carolina,3.4,0.0,0.0
723,2019-04-01,South Carolina,3.3,-0.1,-2.9
724,2019-05-01,South Carolina,3.1,-0.2,-6.1
725,2019-06-01,South Carolina,2.9,-0.2,-6.5
726,2019-07-01,South Carolina,2.7,-0.2,-6.9
727,2019-08-01,South Carolina,2.5,-0.2,-7.4
728,2019-09-01,South Carolina,2.4,-0.1,-4.0
729,2019-10-01,South Carolina,2.4,0.0,0.0
730,2019-11-01,South Carolina,2.4,0.0,0.0
731,2019-12-01,South Carolina,2.4,0.0,0.0
732,2020-01-01,South Carolina,2.4,0.0,0.0
733,2020-02-01,South Carolina,2.5,0.1,4.2
734,2020-03-01,South Carolina,3.2,0.7,28.0
735,2020-04-01,South Carolina,12.8,9.6,300.0
736,2020-05-01,South Carolina,12.4,-0.4,-3.1
737,2020-06-01,South Carolina,8.7,-3.7,-29.8
738,2019-01-01,South Dakota,3.1,0.0,0.0
739,2019-02-01,South Dakota,3.1,0.0,0.0
740,2019-03-01,South Dakota,3.2,0.1,3.2
741,2019-04-01,South Dakota,3.2,0.0,0.0
742,2019-05-01,South Dakota,3.3,0.1,3.1
743,2019-06-01,South Dakota,3.3,0.0,0.0
744,2019-07-01,South Dakota,3.3,0.0,0.0
745,2019-08-01,South Dakota,3.3,0.0,0.0
746,2019-09-01,South Dakota,3.4,0.1,3.0
747,2019-10-01,South Dakota,3.4,0.0,0.0
748,2019-11-01,South Dakota,3.4,0.0,0.0
749,2019-12-01,South Dakota,3.4,0.0,0.0
750,2020-01-01,South Dakota,3.4,0.0,0.0
751,2020-02-01,South Dakota,3.3,-0.1,-2.9
752,2020-03-01,South Dakota,3.1,-0.2,-6.1
753,2020-04-01,South Dakota,10.9,7.8,251.6
754,2020-05-01,South Dakota,9.4,-1.5,-13.8
755,2020-06-01,South Dakota,7.2,-2.2,-23.4
756,2019-01-01,Tennessee,3.4,0.0,0.0
757,2019-02-01,Tennessee,3.4,0.0,0.0
758,2019-03-01,Tennessee,3.5,0.1,2.9
759,2019-04-01,Tennessee,3.5,0.0,0.0
760,2019-05-01,Tennessee,3.5,0.0,0.0
761,2019-06-01,Tennessee,3.4,-0.1,-2.9
762,2019-07-01,Tennessee,3.4,0.0,0.0
763,2019-08-01,Tennessee,3.4,0.0,0.0
764,2019-09-01,Tennessee,3.3,-0.1,-2.9
765,2019-10-01,Tennessee,3.3,0.0,0.0
766,2019-11-01,Tennessee,3.3,0.0,0.0
767,2019-12-01,Tennessee,3.3,0.0,0.0
768,2020-01-01,Tennessee,3.3,0.0,0.0
769,2020-02-01,Tennessee,3.4,0.1,3.0
770,2020-03-01,Tennessee,3.3,-0.1,-2.9
771,2020-04-01,Tennessee,15.5,12.2,369.7
772,2020-05-01,Tennessee,11.0,-4.5,-29.0
773,2020-06-01,Tennessee,9.7,-1.3,-11.8
774,2019-01-01,Texas,3.7,0.0,0.0
775,2019-02-01,Texas,3.6,-0.1,-2.7
776,2019-03-01,Texas,3.5,-0.1,-2.8
777,2019-04-01,Texas,3.5,0.0,0.0
778,2019-05-01,Texas,3.4,-0.1,-2.9
779,2019-06-01,Texas,3.4,0.0,0.0
780,2019-07-01,Texas,3.5,0.1,2.9
781,2019-08-01,Texas,3.5,0.0,0.0
782,2019-09-01,Texas,3.5,0.0,0.0
783,2019-10-01,Texas,3.5,0.0,0.0
784,2019-11-01,Texas,3.5,0.0,0.0
785,2019-12-01,Texas,3.5,0.0,0.0
786,2020-01-01,Texas,3.5,0.0,0.0
787,2020-02-01,Texas,3.5,0.0,0.0
788,2020-03-01,Texas,5.1,1.6,45.7
789,2020-04-01,Texas,13.5,8.4,164.7
790,2020-05-01,Texas,13.0,-0.5,-3.7
791,2020-06-01,Texas,8.6,-4.4,-33.8
792,2019-01-01,Utah,2.9,0.0,0.0
793,2019-02-01,Utah,2.8,-0.1,-3.4
794,2019-03-01,Utah,2.8,0.0,0.0
795,2019-04-01,Utah,2.7,-0.1,-3.6
796,2019-05-01,Utah,2.7,0.0,0.0
797,2019-06-01,Utah,2.6,-0.1,-3.7
798,2019-07-01,Utah,2.5,-0.1,-3.8
799,2019-08-01,Utah,2.5,0.0,0.0
800,2019-09-01,Utah,2.5,0.0,0.0
801,2019-10-01,Utah,2.4,-0.1,-4.0
802,2019-11-01,Utah,2.4,0.0,0.0
803,2019-12-01,Utah,2.4,0.0,0.0
804,2020-01-01,Utah,2.5,0.1,4.2
805,2020-02-01,Utah,2.5,0.0,0.0
806,2020-03-01,Utah,3.8,1.3,52.0
807,2020-04-01,Utah,10.4,6.6,173.7
808,2020-05-01,Utah,8.6,-1.8,-17.3
809,2020-06-01,Utah,5.1,-3.5,-40.7
810,2019-01-01,Vermont,2.4,0.0,0.0
811,2019-02-01,Vermont,2.3,-0.1,-4.2
812,2019-03-01,Vermont,2.3,0.0,0.0
813,2019-04-01,Vermont,2.3,0.0,0.0
814,2019-05-01,Vermont,2.3,0.0,0.0
815,2019-06-01,Vermont,2.4,0.1,4.3
816,2019-07-01,Vermont,2.4,0.0,0.0
817,2019-08-01,Vermont,2.4,0.0,0.0
818,2019-09-01,Vermont,2.4,0.0,0.0
819,2019-10-01,Vermont,2.4,0.0,0.0
820,2019-11-01,Vermont,2.4,0.0,0.0
821,2019-12-01,Vermont,2.4,0.0,0.0
822,2020-01-01,Vermont,2.4,0.0,0.0
823,2020-02-01,Vermont,2.4,0.0,0.0
824,2020-03-01,Vermont,3.1,0.7,29.2
825,2020-04-01,Vermont,16.5,13.4,432.3
826,2020-05-01,Vermont,12.8,-3.7,-22.4
827,2020-06-01,Vermont,9.4,-3.4,-26.6
828,2019-01-01,Virginia,3.0,0.0,0.0
829,2019-02-01,Virginia,3.0,0.0,0.0
830,2019-03-01,Virginia,2.9,-0.1,-3.3
831,2019-04-01,Virginia,2.9,0.0,0.0
832,2019-05-01,Virginia,2.8,-0.1,-3.4
833,2019-06-01,Virginia,2.8,0.0,0.0
834,2019-07-01,Virginia,2.7,-0.1,-3.6
835,2019-08-01,Virginia,2.7,0.0,0.0
836,2019-09-01,Virginia,2.7,0.0,0.0
837,2019-10-01,Virginia,2.7,0.0,0.0
838,2019-11-01,Virginia,2.7,0.0,0.0
839,2019-12-01,Virginia,2.7,0.0,0.0
840,2020-01-01,Virginia,2.7,0.0,0.0
841,2020-02-01,Virginia,2.6,-0.1,-3.7
842,2020-03-01,Virginia,3.3,0.7,26.9
843,2020-04-01,Virginia,11.2,7.9,239.4
844,2020-05-01,Virginia,9.0,-2.2,-19.6
845,2020-06-01,Virginia,8.4,-0.6,-6.7
846,2019-01-01,Washington,4.5,0.0,0.0
847,2019-02-01,Washington,4.5,0.0,0.0
848,2019-03-01,Washington,4.5,0.0,0.0
849,2019-04-01,Washington,4.4,-0.1,-2.2
850,2019-05-01,Washington,4.4,0.0,0.0
851,2019-06-01,Washington,4.3,-0.1,-2.3
852,2019-07-01,Washington,4.2,-0.1,-2.3
853,2019-08-01,Washington,4.2,0.0,0.0
854,2019-09-01,Washington,4.1,-0.1,-2.4
855,2019-10-01,Washington,4.0,-0.1,-2.4
856,2019-11-01,Washington,4.0,0.0,0.0
857,2019-12-01,Washington,4.0,0.0,0.0
858,2020-01-01,Washington,3.9,-0.1,-2.5
859,2020-02-01,Washington,3.8,-0.1,-2.6
860,2020-03-01,Washington,5.1,1.3,34.2
861,2020-04-01,Washington,16.3,11.2,219.6
862,2020-05-01,Washington,15.1,-1.2,-7.4
863,2020-06-01,Washington,9.8,-5.3,-35.1
864,2019-01-01,West Virginia,4.9,0.0,0.0
865,2019-02-01,West Virginia,4.8,-0.1,-2.0
866,2019-03-01,West Virginia,4.8,0.0,0.0
867,2019-04-01,West Virginia,4.7,-0.1,-2.1
868,2019-05-01,West Virginia,4.7,0.0,0.0
869,2019-06-01,West Virginia,4.7,0.0,0.0
870,2019-07-01,West Virginia,4.8,0.1,2.1
871,2019-08-01,West Virginia,4.9,0.1,2.1
872,2019-09-01,West Virginia,5.0,0.1,2.0
873,2019-10-01,West Virginia,5.1,0.1,2.0
874,2019-11-01,West Virginia,5.1,0.0,0.0
875,2019-12-01,West Virginia,5.1,0.0,0.0
876,2020-01-01,West Virginia,5.0,-0.1,-2.0
877,2020-02-01,West Virginia,4.9,-0.1,-2.0
878,2020-03-01,West Virginia,6.0,1.1,22.4
879,2020-04-01,West Virginia,15.9,9.9,165.0
880,2020-05-01,West Virginia,12.9,-3.0,-18.9
881,2020-06-01,West Virginia,10.4,-2.5,-19.4
882,2019-01-01,Wisconsin,3.1,0.1,3.3
883,2019-02-01,Wisconsin,3.2,0.1,3.2
884,2019-03-01,Wisconsin,3.2,0.0,0.0
885,2019-04-01,Wisconsin,3.3,0.1,3.1
886,2019-05-01,Wisconsin,3.3,0.0,0.0
887,2019-06-01,Wisconsin,3.4,0.1,3.0
888,2019-07-01,Wisconsin,3.4,0.0,0.0
889,2019-08-01,Wisconsin,3.4,0.0,0.0
890,2019-09-01,Wisconsin,3.4,0.0,0.0
891,2019-10-01,Wisconsin,3.5,0.1,2.9
892,2019-11-01,Wisconsin,3.5,0.0,0.0
893,2019-12-01,Wisconsin,3.5,0.0,0.0
894,2020-01-01,Wisconsin,3.5,0.0,0.0
895,2020-02-01,Wisconsin,3.5,0.0,0.0
896,2020-03-01,Wisconsin,3.1,-0.4,-11.4
897,2020-04-01,Wisconsin,13.6,10.5,338.7
898,2020-05-01,Wisconsin,12.1,-1.5,-11.0
899,2020-06-01,Wisconsin,8.5,-3.6,-29.8
900,2019-01-01,Wyoming,3.5,-0.1,-2.8
901,2019-02-01,Wyoming,3.5,0.0,0.0
902,2019-03-01,Wyoming,3.4,-0.1,-2.9
903,2019-04-01,Wyoming,3.5,0.1,2.9
904,2019-05-01,Wyoming,3.5,0.0,0.0
905,2019-06-01,Wyoming,3.6,0.1,2.9
906,2019-07-01,Wyoming,3.7,0.1,2.8
907,2019-08-01,Wyoming,3.7,0.0,0.0
908,2019-09-01,Wyoming,3.7,0.0,0.0
909,2019-10-01,Wyoming,3.7,0.0,0.0
910,2019-11-01,Wyoming,3.7,0.0,0.0
911,2019-12-01,Wyoming,3.7,0.0,0.0
912,2020-01-01,Wyoming,3.7,0.0,0.0
913,2020-02-01,Wyoming,3.7,0.0,0.0
914,2020-03-01,Wyoming,3.8,0.1,2.7
915,2020-04-01,Wyoming,9.6,5.8,152.6
916,2020-05-01,Wyoming,8.8,-0.8,-8.3
917,2020-06-01,Wyoming,7.6,-1.2,-13.6
